{
  "variables": {
    "client_id": "{{env `ARM_CLIENT_ID`}}",
    "client_secret": "{{env `ARM_CLIENT_SECRET`}}",
    "subscription_id": "{{env `ARM_SUBSCRIPTION_ID`}}"
  },
  "builders": [
    {
      "type": "azure-arm",

      "client_id": "{{user `client_id`}}",
      "client_secret": "{{user `client_secret`}}",
      "subscription_id": "{{user `subscription_id`}}",

      "os_type": "Linux",
      "image_publisher": "Canonical",
      "image_offer": "UbuntuServer",
      "image_sku": "18.04-LTS",

      "managed_image_resource_group_name": "udacity",
      "managed_image_name": "UdacityPackerImage",

      "location": "West Europe",
      "vm_size": "Standard_B1s",

      "azure_tags": {
        "udacity": "C1",
        "task": "Create a server image"
      }
    }
  ],

  "provisioners": [
    {
      "inline": [
        "echo 'Hello, World!' > index. html",
        "echo '[Unit]' > http.service",
        "echo 'Description=HTTP Hello World' >> http. service",
        "echo 'After=network.target' >> http.service",
        "echo 'StartLimitIntervalSec=0' >> http. service",
        "echo '[Service]' >> http.service",
        "echo 'Type=simple' >> http.service",
        "echo 'Restart=always' >> http. service",
        "echo 'RestartSec=1' >> http. service",
        "echo 'User=packer' >> http.service",
        "echo 'ExecStart=/usr/bin/nohup /bin/busybox httpd -f -p 8080 -h /home/packer' >> http.service",
        "echo '[Install]' >> http.service",
        "echo 'WantedBy=multi-user.target' >> http.service",
        "sudo mv http.service /etc/systemd/system",
        "sudo chown root:root /etc/systemd/system/http.service",
        "sudo chmod 755 /etc/systemd/system/http.service",
        "sudo systemctl enable http"
      ],
      "inline_shebang": "/bin/sh -x",
      "type": "shell"
    }
  ]
}
